{"conf_matrix_train": [[3639, 103, 49], [53, 3583, 96], [81, 116, 3541]], "accuracy_train": 0.9558079687638654, "conf_matrix_test": [[733, 66, 98], [42, 766, 137], [105, 199, 648]], "accuracy_test": 0.7719928186714542}