{"conf_matrix_train": [[3588, 133, 67], [66, 3545, 116], [108, 167, 3454]], "accuracy_train": 0.9433442855874257, "conf_matrix_test": [[731, 61, 106], [42, 780, 146], [109, 185, 649]], "accuracy_test": 0.7705565529622981}