{"conf_matrix_train": [[3714, 55, 22], [34, 3653, 45], [57, 48, 3633]], "accuracy_train": 0.9763679331030721, "conf_matrix_test": [[730, 65, 96], [38, 776, 136], [104, 190, 650]], "accuracy_test": 0.7753857194115537}