{"conf_matrix_train": [[3758, 24, 12], [16, 3707, 21], [24, 52, 3592]], "accuracy_train": 0.9880117218719474, "conf_matrix_test": [[728, 68, 91], [43, 776, 126], [105, 183, 655]], "accuracy_test": 0.7725461789206809}