{"conf_matrix_train": [[3777, 12, 2], [6, 3710, 16], [14, 24, 3700]], "accuracy_train": 0.992877107564692, "conf_matrix_test": [[727, 70, 101], [46, 766, 139], [103, 178, 648]], "accuracy_test": 0.7734290843806104}