{"conf_matrix_train": [[3782, 7, 2], [3, 3720, 9], [11, 9, 3718]], "accuracy_train": 0.9963591155314804, "conf_matrix_test": [[724, 69, 98], [40, 775, 135], [106, 189, 649]], "accuracy_test": 0.7728911319394376}