{"conf_matrix_train": [[3354, 190, 247], [249, 3138, 345], [329, 446, 2963]], "accuracy_train": 0.8396234792647189, "conf_matrix_test": [[700, 73, 115], [99, 689, 156], [134, 191, 614]], "accuracy_test": 0.7228437387224829}