{"conf_matrix_train": [[3792, 2, 0], [5, 3736, 3], [9, 2, 3640]], "accuracy_train": 0.9982236433075762, "conf_matrix_test": [[727, 69, 95], [40, 775, 135], [107, 187, 650]], "accuracy_test": 0.7727109515260323}